session_key,driver_number,compound,stint_length,bias_applied,mae,rmse,total_delta,confidence
9839,1,MEDIUM,22,0.48399999999999466,1.526409090909091,4.66027504553111,33.581,82.95657558163141
9839,1,HARD,34,0.980000000000004,0.45358823529411507,0.5052826815113406,15.421999999999912,94.84459230426202
9839,4,MEDIUM,15,0.019000000000005457,1.7143999999999957,5.810633562702092,25.715999999999937,80.91251196864775
9839,4,HARD,40,1.5129999999999981,0.5951250000000009,0.7442515871665975,23.805000000000035,93.2444704266441
9839,5,MEDIUM,14,-0.07200000000000273,1.652,5.61422677540855,23.128,81.6897115464546
9839,5,HARD,42,0.0660000000000025,0.33528571428571446,0.41861642859032094,14.082000000000008,96.27381653587186
9839,6,MEDIUM,13,-0.10699999999999932,1.922153846153846,5.906242473336678,24.988,78.74099887017955
9839,6,HARD,42,0.32200000000000273,0.4808095238095235,0.5998071515475774,20.19399999999999,94.65933349836136
9839,10,MEDIUM,12,-0.11050000000000182,2.139083333333334,6.27343192226817,25.66900000000001,76.46190384491943
9839,10,HARD,26,0.9369999999999976,0.4670769230769227,0.5702806326713177,12.143999999999991,94.80858362053414
9839,10,MEDIUM,16,-0.04399999999999693,0.21531249999999869,0.33153779950406703,3.444999999999979,97.56433823529413
9839,12,HARD,31,0.04599999999999227,1.1612580645161292,3.898948836835136,35.99900000000001,87.22909859764512
9839,12,MEDIUM,25,0.454500000000003,0.3542000000000002,0.4516610676159724,8.855000000000004,96.01514290696562
9839,14,MEDIUM,15,-0.10099999999999909,1.8640666666666674,5.935348397524783,27.961000000000013,79.31090615138162
9839,14,HARD,41,0.32050000000000267,0.3901219512195123,0.5377510757889709,15.995000000000005,95.65326152813063
9839,16,MEDIUM,15,0.036000000000001364,1.6838666666666655,5.685714273510407,25.25799999999998,81.27747262929279
9839,16,HARD,22,1.1400000000000006,0.4059090909090912,0.5891793985165844,8.930000000000007,95.41759888339251
9839,16,MEDIUM,18,0.14699999999999136,0.3583333333333335,0.5479301455883246,6.450000000000003,95.89895013123359
9839,18,HARD,41,0.2890000000000015,1.0490000000000004,3.2070286034606297,43.009000000000015,88.37995015231238
9839,18,MEDIUM,15,0.741500000000002,0.36193333333333155,0.41592459252449354,5.428999999999974,95.8911833376851
9839,22,HARD,31,0.0030000000000001137,1.2521290322580636,4.698872260035277,38.815999999999974,86.17287609591784
9839,22,MEDIUM,25,0.04899999999999238,0.3020799999999991,0.3832922644666843,7.551999999999978,96.61212359109517
9839,23,SOFT,7,0.14000000000000057,3.067285714285713,7.524334322715868,21.47099999999999,66.07735330363069
9839,23,HARD,24,0.31799999999999784,0.3828749999999997,0.4577360502152589,9.188999999999993,95.75597184503685
9839,23,MEDIUM,24,0.3159999999999883,0.3071249999999998,0.47117304853595576,7.370999999999995,96.54313692385615
9839,27,SOFT,6,-0.054999999999999716,3.521666666666666,7.8858511060421765,21.129999999999995,61.16144377232115
9839,27,HARD,34,0.49799999999999045,0.4729705882352942,0.7001511391457282,16.081000000000003,94.7435447356017
9839,27,MEDIUM,15,0.41449999999999676,0.2934666666666667,0.3782702737461677,4.402000000000001,96.6681804420224
9839,30,MEDIUM,20,-0.24449999999999505,1.7959999999999987,6.791958620309755,35.91999999999997,80.23212939370093
9839,30,HARD,35,0.125,0.5092857142857143,0.806738743336404,17.825000000000003,94.30774880646347
9839,31,MEDIUM,18,-0.1460000000000008,1.5437222222222227,4.9203429363318865,27.787000000000006,82.94267284455347
9839,31,HARD,38,0.5060000000000002,0.38360526315789356,0.453885651029557,14.576999999999956,95.70594327850658
9839,43,MEDIUM,14,-0.1004999999999967,1.7950000000000006,5.4652463282611015,25.13000000000001,80.29518796414712
9839,43,HARD,24,0.31799999999999784,0.44729166666666664,0.6002237430047784,10.735,95.02174017889274
9839,43,MEDIUM,16,-0.043000000000006366,0.22412499999999902,0.3379386038912983,3.5859999999999843,97.46734241869507
9839,44,SOFT,7,0.05299999999999727,3.178285714285715,7.719750939727824,22.248000000000005,64.89594854940175
9839,44,HARD,22,0.6340000000000003,0.2854545454545468,0.3964981944244127,6.28000000000003,96.82157281533742
9839,44,MEDIUM,26,0.570999999999998,0.42273076923076924,0.5270860752943779,10.991,95.24749272919573
9839,55,MEDIUM,17,-0.010000000000005116,1.5302352941176476,4.796784265955438,26.01400000000001,83.15868796507178
9839,55,HARD,39,0.40449999999999875,0.5175897435897434,0.6371826610868697,20.185999999999993,94.22113588203399
9839,63,MEDIUM,13,-0.20699999999999363,1.8650769230769237,5.927461851416674,24.24600000000001,79.29072925741812
9839,63,HARD,43,0.75,0.5073255813953481,0.6136284194928563,21.81499999999997,94.31389588447526
9839,81,HARD,40,0.46649999999999636,0.9347000000000019,3.7323225409924063,37.388000000000076,89.55549099360834
9839,81,MEDIUM,16,0.08799999999999386,0.10775000000000023,0.17366094840233787,1.7240000000000038,98.76704961552545
9839,87,MEDIUM,13,-0.1560000000000059,1.9843846153846163,5.776605690861401,25.79700000000001,78.13133406745996
9839,87,HARD,43,0.5174999999999983,0.4239534883720938,0.5822738507002546,18.230000000000032,95.26213664902333
9845,1,HARD,18,5.086499999999994,2.2848888888888883,7.052593400066865,41.127999999999986,73.14059976502597
9845,4,HARD,18,4.698500000000003,1.8743333333333325,7.048277866889817,33.737999999999985,77.94447876523598
9845,5,HARD,18,4.374999999999993,1.9397222222222226,6.79571442160425,34.915000000000006,77.48135593001709
9845,6,HARD,18,4.605500000000006,2.051333333333334,6.776046143093574,36.92400000000001,76.14617734158176
9845,10,SOFT,17,4.011999999999993,2.501235294117647,6.874190994111915,42.521,71.10286004959019
9845,12,HARD,18,4.711500000000001,2.2165000000000004,7.001985016169822,39.897000000000006,74.08557081309225
9845,14,HARD,18,4.556999999999995,1.897055555555555,6.9851229886571575,34.14699999999999,77.87974072648926
9845,16,HARD,18,3.9310000000000045,2.0543333333333322,6.830020025999598,36.97799999999998,76.11379183380812
9845,18,MEDIUM,11,3.352000000000004,3.015090909090905,8.711003459574977,33.165999999999954,65.13035638718704
9845,18,SOFT,4,5.919500000000006,1.2705000000000055,2.3777576621682925,5.082000000000022,85.26307242611232
9845,22,HARD,18,4.974499999999992,2.0942222222222235,6.929941790680656,37.696000000000026,75.4416893219949
9845,23,HARD,18,4.402499999999996,1.9088888888888873,6.848608974739969,34.35999999999997,77.80374661904422
9845,27,MEDIUM,18,3.75,2.0453888888888887,6.603317133582687,36.81699999999999,76.31596383933942
9845,30,MEDIUM,18,4.613999999999997,2.290944444444445,6.612876987783425,41.23700000000001,73.42415149593471
9845,31,MEDIUM,18,4.199999999999996,2.0680555555555546,6.557105835995362,37.22499999999998,76.01447958669519
9845,43,MEDIUM,15,4.125500000000002,2.093333333333333,7.153734120490269,31.39999999999999,75.83871960603263
9845,44,MEDIUM,18,3.5970000000000013,2.0501666666666694,6.542094809768506,36.90300000000005,76.31713210307944
9845,55,MEDIUM,18,4.785499999999999,1.9677222222222213,6.90204918444113,35.41899999999998,77.11857782325768
9845,63,MEDIUM,18,5.030499999999996,2.1682777777777775,6.958036237170499,39.028999999999996,74.47433306518597
9845,81,MEDIUM,18,4.907000000000004,1.9747222222222238,6.877053030832967,35.54500000000003,76.73937697260486
9845,87,MEDIUM,18,4.518000000000001,2.039833333333335,6.723758468627831,36.71700000000003,76.33905959409664
9850,1,MEDIUM,27,3.6829999999999927,1.7285925925925936,4.663438327783164,46.672000000000025,79.90989757801314
9850,1,HARD,24,3.9839999999999947,0.4082499999999977,0.4946760724622365,9.797999999999945,95.17252388610352
9850,4,MEDIUM,38,3.3730000000000047,2.142105263157896,4.5609401558519895,81.40000000000003,75.04624415318784
9850,4,HARD,12,3.3640000000000043,0.382333333333334,0.43032313440018594,4.588000000000008,95.44434514943897
9850,5,MEDIUM,27,2.293999999999997,1.468814814814816,4.337196602688236,39.65800000000003,83.28917340021371
9850,5,SOFT,24,3.0120000000000005,0.7013749999999993,0.9225105464618452,16.832999999999984,91.83602798244696
9850,6,MEDIUM,27,2.978999999999999,1.543555555555554,4.552291958351756,41.67599999999996,82.38573614867394
9850,6,HARD,21,3.0600000000000023,0.9946666666666669,1.295169266378501,20.888000000000005,88.32496048327778
9850,10,MEDIUM,5,1.482999999999997,6.0774,13.45289932319424,30.387,31.22039825487633
9850,10,HARD,21,1.975999999999999,0.8206666666666684,1.047934249118804,17.234000000000037,90.65778739066916
9850,10,MEDIUM,23,3.0644999999999953,0.38595652173913025,0.5175853216788433,8.876999999999995,95.49426771572011
9850,12,MEDIUM,27,2.9069999999999965,1.7361481481481467,4.780695873723512,46.87599999999996,80.04908989613833
9850,12,HARD,24,3.885000000000005,0.5078749999999991,0.6780788117910778,12.188999999999979,93.98216718999942
9850,14,MEDIUM,27,2.332000000000008,1.7350370370370376,5.256931903404975,46.84600000000002,80.18708205870621
9850,14,HARD,24,2.993000000000009,0.8734583333333324,1.0488371537088108,20.96299999999998,89.76448001624951
9850,16,MEDIUM,27,2.0289999999999964,1.4210740740740746,4.648730177076237,38.369000000000014,83.7667598716707
9850,16,HARD,24,2.9779999999999944,0.7789583333333336,0.8411465141896103,18.695000000000007,90.8475210220619
9850,18,MEDIUM,43,3.4199999999999946,3.446232558139535,5.3944599531414195,148.18800000000002,60.651809618995294
9850,18,SOFT,4,2.6685000000000016,1.5815000000000055,1.9892369139949162,6.326000000000022,81.7724991211843
9850,22,MEDIUM,27,2.182000000000002,1.5586666666666646,4.529372992336103,42.083999999999946,82.22506053590912
9850,22,HARD,24,3.019999999999996,0.965125000000001,1.1844753233675527,23.163000000000025,88.70101970333774
9850,23,HARD,5,0.6755000000000067,4.986799999999997,10.784639873449644,24.933999999999983,43.90803563394226
9850,23,MEDIUM,46,3.3059999999999903,3.134,4.635053984020317,144.164,64.0732291678608
9850,27,SOFT,5,1.3029999999999973,5.2554,11.585984610726873,26.277,40.52420723840565
9850,30,MEDIUM,27,3.0799999999999983,1.7825185185185186,4.626788070773487,48.128,79.65834919354873
9850,30,HARD,24,3.5180000000000007,0.6706249999999994,0.8309308284488333,16.094999999999985,92.15303698676621
9850,31,MEDIUM,5,0.6479999999999961,5.214399999999998,11.051579344148061,26.07199999999999,41.436898437763254
9850,31,MEDIUM,24,2.245999999999995,0.7470000000000011,0.9914818034975058,17.928000000000026,91.48979801086844
9850,31,HARD,21,2.7875000000000014,0.47661904761904694,0.5873096449468698,10.008999999999986,94.44493470064864
9850,43,HARD,5,0.7700000000000031,4.8805999999999985,10.775421875731823,24.40299999999999,45.08652309907965
9850,43,MEDIUM,45,3.4609999999999985,3.2473111111111095,4.1883392969847435,146.12899999999993,62.84371011131963
9850,44,SOFT,5,0.8900000000000006,5.162199999999999,10.929807894011681,25.810999999999993,41.969389533086414
9850,44,MEDIUM,46,3.1610000000000014,3.040673913043479,4.368945437875191,139.87100000000004,65.1014712318117
9850,55,MEDIUM,27,3.8059999999999974,1.5968518518518506,4.693174377832207,43.11499999999997,81.61368046227
9850,55,HARD,24,4.200000000000003,0.7252083333333328,0.8663992295702935,17.404999999999987,91.41968370405428
9850,63,MEDIUM,27,2.299999999999997,1.4652592592592597,4.812065291573918,39.56200000000001,83.2769232785211
9850,63,HARD,24,3.289999999999992,0.7020416666666668,0.8880857456724925,16.849000000000004,91.75165172574499
9850,81,MEDIUM,36,3.986000000000004,1.8560833333333346,4.454757640869913,66.81900000000005,78.32944152558862
9850,81,HARD,14,3.8389999999999986,0.2670714285714299,0.3103722419473591,3.7390000000000185,96.80632073457184
9850,87,MEDIUM,27,2.4939999999999998,1.4872962962962957,4.7344954168160145,40.15699999999998,83.02967450968958
9850,87,HARD,7,2.7609999999999957,1.3050000000000008,1.7456281309112123,9.135000000000005,84.75057550510066
9858,1,MEDIUM,20,-6.796499999999995,0.7024000000000015,0.9829241069380721,14.04800000000003,92.71025224561384
9858,1,HARD,24,-6.10499999999999,0.3874583333333324,0.47946450164045784,9.298999999999978,95.88755271574539
9858,4,MEDIUM,18,-7.222999999999999,0.8155555555555551,1.5564762553066251,14.679999999999993,91.54330140756794
9858,4,HARD,27,-6.516999999999996,0.8296296296296288,1.0336023305787263,22.399999999999977,91.2575318412204
9858,6,MEDIUM,16,-7.435999999999993,0.8292500000000018,1.475433622702154,13.268000000000029,91.4932140622275
9858,6,HARD,29,-5.676000000000002,0.5405517241379321,0.6282957243538904,15.67600000000003,94.33098703605658
9858,10,HARD,45,-6.565999999999995,0.7232444444444461,0.9776774973828994,32.54600000000008,92.54464030054174
9858,12,HARD,46,-4.946000000000012,1.0533043478260882,1.4541788957585535,48.452000000000055,88.9923622188028
9858,14,MEDIUM,12,-8.100999999999999,0.4124166666666689,0.5593511866439563,4.9490000000000265,95.78323313293251
9858,14,HARD,33,-7.179999999999993,0.7054242424242418,0.8275885927125128,23.278999999999982,92.7010228726785
9858,16,MEDIUM,20,-7.4750000000000085,0.7360500000000016,1.1079279534337965,14.721000000000032,92.39821948650155
9858,16,HARD,25,-6.527499999999996,0.25023999999999946,0.3284583383018301,6.255999999999986,97.35929296926527
9858,22,HARD,22,-7.581499999999998,0.7639545454545456,1.0036600972984298,16.807000000000002,92.16083008353168
9858,22,MEDIUM,22,-6.649000000000001,0.3849090909090917,0.5564267492426372,8.468000000000018,95.9726168383425
9858,23,HARD,9,-8.29,0.6069999999999993,0.8533764963042071,5.462999999999994,93.79843377248324
9858,23,HARD,19,-6.344999999999999,0.8746842105263151,1.3207454633453657,16.618999999999986,90.87073289573937
9858,27,HARD,26,-7.608999999999995,1.3023846153846141,1.5030139464013366,33.861999999999966,86.62574845569301
9858,27,MEDIUM,19,-6.150999999999996,0.22789473684210443,0.31021656272590237,4.329999999999984,97.60077971888674
9858,30,HARD,42,-6.576999999999998,0.7852857142857153,0.973145611382172,32.98200000000004,91.89850806980517
9858,31,MEDIUM,23,-7.4439999999999955,0.9790434782608708,1.2968499628279893,22.51800000000003,89.96218322292016
9858,31,HARD,22,-6.594999999999999,0.30013636363636337,0.3834473414125644,6.602999999999994,96.85167243279945
9858,43,HARD,20,-8.945999999999998,1.0241999999999991,1.2866001709933035,20.48399999999998,89.60097471824551
9858,43,MEDIUM,23,-7.134,0.6343043478260888,0.8182522997749277,14.589000000000041,93.41245997366156
9858,44,HARD,25,-6.973999999999997,1.299280000000001,1.572673011150126,32.48200000000003,86.62907010249864
9858,44,MEDIUM,20,-6.459000000000003,0.47570000000000123,0.5887208166864847,9.514000000000024,95.00897063298044
9858,55,MEDIUM,17,-7.207999999999998,0.896588235294117,1.2571899103111805,15.24199999999999,90.77261351404692
9858,55,HARD,27,-5.964500000000001,0.6275925925925913,0.7263924814017799,16.944999999999965,93.3862433862434
9858,63,MEDIUM,13,-7.152499999999996,0.8655384615384634,1.6142209361699025,11.252000000000024,91.05871788911998
9858,63,HARD,32,-6.304000000000002,0.38346875000000136,0.5101512337042832,12.271000000000043,95.97969501902854
9858,81,MEDIUM,17,-7.744500000000002,0.8379999999999997,1.2031084739124749,14.245999999999995,91.39820265547134
9858,81,HARD,28,-6.242999999999995,0.5013928571428582,0.5819249153824387,14.03900000000003,94.71372240697897
9858,87,MEDIUM,13,-8.004999999999995,0.9269230769230745,1.4933754229416492,12.049999999999969,90.54111865990026
9858,87,HARD,32,-6.677999999999997,0.6180625000000002,0.729154176083494,19.778000000000006,93.56144654874262
9864,1,SOFT,4,15.766000000000005,5.3675,10.658094036927992,21.47,27.71384513861301
9864,1,MEDIUM,16,16.545,0.4120625000000011,0.9431722735004461,6.593000000000018,94.35236835613057
9864,4,MEDIUM,4,16.327500000000008,5.369499999999999,10.615249455382573,21.477999999999994,26.838074994549828
9864,4,SOFT,16,15.703000000000003,0.5652499999999971,0.7430714972329365,9.043999999999954,92.25387819985752
9864,5,MEDIUM,19,15.713500000000003,1.4682631578947365,4.380223648459782,27.89699999999999,80.23539413905789
9864,6,SOFT,4,15.113500000000002,5.201999999999995,10.11704806255263,20.80799999999998,31.155871999153078
9864,6,MEDIUM,16,15.713999999999999,0.6981875000000022,1.296539842233936,11.171000000000035,90.60274977455344
9864,10,MEDIUM,4,15.517499999999998,5.850250000000003,10.438878926877157,23.40100000000001,22.41099196954923
9864,10,SOFT,16,15.662999999999997,0.6166875000000003,1.081162308582759,9.867000000000004,91.64164893400739
9864,12,SOFT,4,16.371000000000002,5.564,10.818493887783088,22.256,24.56922847498069
9864,12,MEDIUM,16,16.789,0.38293749999999704,0.7188772061346742,6.126999999999953,94.74643645991965
9864,14,MEDIUM,4,15.251500000000007,5.458500000000001,10.564533898852329,21.834000000000003,26.87044070657744
9864,14,SOFT,16,15.826000000000008,0.5810000000000013,1.0988768129321895,9.29600000000002,92.11529849227135
9864,16,SOFT,4,15.409000000000006,5.308750000000003,10.528127005787882,21.235000000000014,28.789403085177682
9864,16,MEDIUM,16,15.75200000000001,0.6254374999999968,1.2609173495911605,10.006999999999948,91.49908933983939
9864,18,MEDIUM,4,15.253,5.567500000000006,10.526693355465435,22.270000000000024,25.405130197691392
9864,18,SOFT,16,15.510000000000005,0.6653124999999989,1.3229023726261884,10.644999999999982,90.99541861787078
9864,22,MEDIUM,19,14.956000000000003,1.5098947368421047,4.4320806566858,28.687999999999988,79.85006957092196
9864,23,SOFT,19,15.682999999999993,1.6568947368421043,4.7929162587257785,31.48099999999998,77.72362176364156
9864,27,MEDIUM,19,15.579999999999998,1.9618947368421058,4.838129303552638,37.27600000000001,73.59673323676596
9864,30,MEDIUM,19,15.753,1.716947368421052,4.431920208763025,32.621999999999986,77.07037529319233
9864,31,MEDIUM,20,15.709000000000003,1.8193500000000007,4.390468408951375,36.387000000000015,75.5503144654088
9864,43,MEDIUM,4,15.725999999999999,5.001500000000004,9.428841233152674,20.006000000000014,33.013232615450505
9864,44,MEDIUM,20,15.998000000000005,1.5868500000000012,4.67053724425788,31.737000000000023,78.48280631339154
9864,55,MEDIUM,20,15.60799999999999,1.7194500000000006,4.541373663331395,34.38900000000001,77.02222341008405
9864,63,SOFT,4,15.831500000000005,5.496000000000002,10.844369114890918,21.98400000000001,25.865976044027164
9864,63,MEDIUM,16,16.667999999999992,0.3960625000000002,0.8163594107376975,6.337000000000003,94.56898088473247
9864,81,MEDIUM,4,16.086999999999996,5.529250000000001,10.652052560422334,22.117000000000004,24.728584555695463
9864,87,MEDIUM,20,15.617000000000004,1.6789500000000004,4.46687805407759,33.57900000000001,77.44832032666658
9869,1,HARD,4,-16.9125,0.828249999999997,1.0994690764182482,3.312999999999988,92.3078709078245
9869,1,MEDIUM,42,15.275500000000001,1.9593333333333327,3.0056633132107375,82.29199999999997,73.815680745527
9869,1,SOFT,16,14.659999999999997,0.3333750000000002,0.45333831185991824,5.334000000000003,95.4516617550753
9869,4,MEDIUM,23,14.820999999999998,0.3805217391304352,0.8851183168269702,8.75200000000001,94.91287898383129
9869,4,SOFT,16,14.24300000000001,0.7409374999999976,1.1142842714047405,11.854999999999961,90.03835087860824
9869,4,MEDIUM,20,14.296999999999997,0.5257000000000019,0.6976493388515492,10.514000000000038,92.84245782673217
9869,6,SOFT,11,14.454999999999998,1.0468181818181845,1.2983097753337907,11.515000000000029,86.28203142683549
9869,6,MEDIUM,49,15.759,2.835387755102041,4.566719503145356,138.93400000000003,62.070420912566
9869,10,SOFT,11,14.565999999999988,1.0467272727272763,1.3163662104444964,11.514000000000038,86.26486362682033
9869,10,MEDIUM,19,15.282499999999999,0.6197894736842088,0.7237254495427028,11.775999999999968,91.74032525274916
9869,12,SOFT,14,15.586499999999994,0.5830714285714274,1.1041580826261106,8.162999999999982,92.26085002659357
9869,12,MEDIUM,43,15.859000000000002,2.4580697674418603,3.952848213630267,105.697,66.76869522240062
9869,14,HARD,21,14.28500000000001,0.5850476190476164,1.0807469198484438,12.285999999999945,92.3275462073936
9869,14,MEDIUM,38,15.084500000000006,1.2412894736842104,1.9454929628300008,47.169,83.30669024140872
9869,16,MEDIUM,2,-21.906999999999996,1.6640000000000015,1.6640000000000015,3.328000000000003,85.10328775094558
9869,18,HARD,21,14.534999999999997,0.7230476190476183,1.085655957079801,15.183999999999983,90.46658422873921
9869,18,MEDIUM,37,14.853000000000009,1.5287837837837845,2.0611649094101576,56.565000000000026,79.49427550790321
9869,22,MEDIUM,59,16.3095,8.213271186440677,12.069070284921406,484.5829999999999,0.0
9869,23,MEDIUM,28,14.236000000000004,0.5728928571428581,0.9565841573013858,16.041000000000025,92.45955489703515
9869,23,SOFT,16,13.378,0.5632500000000018,0.9826961636233253,9.012000000000029,92.48238214724252
9869,23,MEDIUM,15,14.935000000000002,0.726466666666666,1.0037863318455775,10.896999999999991,90.12912664012573
9869,27,MEDIUM,29,14.295000000000002,0.5776206896551741,0.8436052149084258,16.751000000000047,92.38248813558087
9869,27,SOFT,31,14.293,1.585967741935484,2.0536564951325227,49.165000000000006,78.80274872278639
9869,30,SOFT,12,14.357000000000006,1.1198333333333312,1.2689837797755055,13.437999999999974,85.33654580610809
9869,30,MEDIUM,48,15.503,2.173166666666666,3.7011983363499983,104.31199999999997,71.12416233717342
9869,31,HARD,5,-15.022000000000006,2.148400000000001,2.5291436495383177,10.742000000000004,79.88088103086605
9869,31,MEDIUM,57,16.018500000000003,5.335929824561403,8.50826108153593,304.14799999999997,28.960354875899938
9869,43,MEDIUM,22,14.174500000000002,0.5936818181818179,1.009253932367866,13.060999999999993,92.20194112617799
9869,43,SOFT,10,14.305000000000007,1.1511999999999958,2.0018734225719625,11.511999999999958,84.5729141540029
9869,43,MEDIUM,27,14.802500000000002,0.6677407407407416,0.7661177986977477,18.029000000000025,90.9899914892426
9869,44,HARD,7,10.837500000000006,2.463,2.8187830454192215,17.241,69.14964239638263
9869,44,MEDIUM,20,14.340999999999994,0.7049500000000016,1.2447822500341188,14.099000000000032,90.6767444321007
9869,55,SOFT,10,13.239000000000004,1.8431999999999988,1.8635727514642388,18.431999999999988,76.16895836161589
9869,55,MEDIUM,20,15.212999999999994,0.4359000000000002,0.5360680926897252,8.718000000000004,94.20037253858435
9869,63,MEDIUM,27,14.918999999999997,0.4422222222222221,0.9033904041012514,11.939999999999998,94.13007921443352
9869,63,SOFT,9,13.756499999999996,1.3356666666666683,1.847695712081525,12.021000000000015,82.02224001902312
9869,63,MEDIUM,22,14.814000000000007,0.26704545454545586,0.36111626181252976,5.875000000000028,96.37948650950452
9869,81,MEDIUM,30,14.659000000000006,0.25166666666666704,0.38804243754173695,7.550000000000011,96.64958175242406
9869,81,MEDIUM,19,14.565000000000005,0.2913157894736833,0.4546668531666029,5.534999999999982,96.02190646628864
9869,87,SOFT,10,13.496500000000005,1.7809000000000026,1.845975054002629,17.809000000000026,76.8787853215535
9869,87,MEDIUM,49,15.905000000000001,3.1040204081632647,5.150830456125993,152.09699999999998,58.23270034900137
9877,1,MEDIUM,35,7.106000000000002,0.991314285714286,3.3797540738935425,34.69600000000001,88.09853967339245
9877,1,SOFT,31,7.235500000000002,1.129935483870966,1.655457114534988,35.02799999999995,86.10994076263279
9877,4,SOFT,33,7.756999999999991,1.3247878787878802,3.7920301670581136,43.718000000000046,83.94352209739807
9877,4,MEDIUM,34,7.13300000000001,0.49873529411764606,0.6515077309820733,16.956999999999965,93.88565008192371
9877,5,MEDIUM,35,6.540999999999997,0.9496000000000018,2.965977988551404,33.23600000000006,88.69873610549114
9877,5,SOFT,32,7.255499999999998,1.5397499999999997,2.1272422434927325,49.27199999999999,81.23857682466188
9877,6,MEDIUM,33,7.058000000000007,1.1669696969696945,3.3994777495516812,38.50999999999992,86.10816512345014
9877,6,SOFT,33,7.275500000000001,1.4592121212121216,2.1807987694253854,48.15400000000001,82.25105065789134
9877,10,MEDIUM,32,6.664499999999997,1.2518124999999998,3.2149971034201554,40.05799999999999,85.20219990661332
9877,10,SOFT,34,6.197999999999993,1.431058823529411,2.250609773581634,48.65599999999998,82.6955728179372
9877,12,SOFT,21,7.503999999999991,1.615523809523809,4.811055255000369,33.92599999999999,80.61712567159609
9877,12,MEDIUM,23,6.833500000000001,0.4726086956521735,0.9006972178600693,10.86999999999999,94.27262464747268
9877,12,SOFT,21,6.783500000000004,0.2809047619047626,0.3905987467368289,5.899000000000015,96.53734083742465
9877,14,SOFT,19,6.700000000000003,1.7576315789473682,5.467136000926955,33.394999999999996,79.09771217120911
9877,14,MEDIUM,12,7.276000000000003,0.3584999999999994,0.4623424055827018,4.3019999999999925,95.66306162444656
9877,16,SOFT,30,7.336999999999996,1.1600000000000004,3.9841202291095574,34.80000000000001,86.0107813461005
9877,16,MEDIUM,37,6.380500000000005,0.5359999999999987,0.7805936756639041,19.83199999999995,93.46189970846905
9877,18,SOFT,25,7.012999999999991,1.4048800000000006,4.178935175376617,35.122000000000014,83.2369224894998
9877,18,MEDIUM,16,6.710000000000008,0.6596250000000046,0.9177915068249473,10.554000000000073,92.01238783739595
9877,18,SOFT,24,6.319000000000003,0.7894583333333353,1.0191627895810715,18.947000000000045,90.38149136380063
9877,22,MEDIUM,35,6.532000000000011,1.3242571428571441,4.586221030746027,46.349000000000046,84.17815069825869
9877,22,SOFT,33,6.8089999999999975,1.3748787878787883,2.2350466404190517,45.37100000000001,83.24809879157837
9877,23,HARD,40,6.638499999999993,1.0083999999999995,2.673000953984116,40.335999999999984,87.99466641268633
9877,23,SOFT,26,6.692999999999998,0.7239230769230759,0.9253267198463127,18.821999999999974,91.14629637469484
9877,27,SOFT,24,6.669499999999999,1.5294166666666673,4.014710346546395,36.70600000000002,81.8423760338755
9877,31,SOFT,26,7.201999999999998,1.4771153846153853,4.203784773638741,38.405000000000015,82.3818395093614
9877,31,MEDIUM,42,6.964500000000008,1.0510952380952379,1.7950562532636558,44.14599999999999,87.24538293032026
9877,43,HARD,47,6.266000000000005,0.9331063829787233,3.085014859097288,43.855999999999995,88.945154039609
9877,43,SOFT,19,6.252499999999998,0.5011052631578933,0.7323105107879613,9.520999999999972,93.87338215880754
9877,44,SOFT,21,7.661999999999999,1.775809523809522,5.0863204775161375,37.29199999999996,78.62170414117061
9877,44,MEDIUM,23,6.765499999999996,0.5336521739130435,0.9561721238536398,12.274000000000001,93.51773854949234
9877,44,SOFT,21,6.776500000000006,0.40038095238095445,0.5568007252321496,8.408000000000044,95.08370075478172
9877,55,MEDIUM,16,6.511999999999993,2.0979375000000013,5.93296001693084,33.56700000000002,75.07958615200954
9877,55,SOFT,47,8.642499999999998,4.98659574468085,7.740173690942435,234.36999999999995,39.54945424405417
9877,63,SOFT,23,7.317999999999998,1.4410869565217383,4.33809212222027,33.14499999999998,82.70771738217432
9877,63,MEDIUM,22,6.796500000000002,1.3705000000000012,4.655248284561104,30.151000000000025,83.35145378676984
9877,63,SOFT,20,6.593999999999994,0.48885000000000006,0.757615040769386,9.777000000000001,93.99778991957763
9877,81,SOFT,23,6.625,1.4296956521739128,4.538416947714736,32.882999999999996,82.83678688866851
9877,81,MEDIUM,22,6.454999999999998,0.7605909090909112,1.13954981142874,16.733000000000047,90.76403554187671
9877,81,SOFT,21,6.7409999999999926,0.49019047619047534,0.6814929689047904,10.293999999999983,93.94295646566157
9877,87,SOFT,23,7.906000000000006,1.4798260869565212,4.35948329606797,34.03599999999999,82.19458210156873
9877,87,MEDIUM,23,6.896500000000003,0.43273913043478274,0.7254664166859343,9.953000000000003,94.75171908488078
9877,87,SOFT,20,6.864999999999995,0.37660000000000127,0.4796847923376358,7.532000000000025,95.36378185399481
